time,energy,temperature_trans,temperature_rot,branch,events,energy_residual,occupancy
0.05,43.27301793639801,1.0915277959552148,0.575666016349133,hot,5,-6.938843081930393e-16,32;0;0;0
0.1,43.273017939340455,1.0632056997864772,0.625612912073053,hot,10,6.550275187706955e-15,32;0;0;0
0.15000000000000002,43.194326570541925,0.9987480676218435,0.6946694950455228,hot,22,1.056110494196405e-14,32;0;0;0
0.2,47.20799400713349,1.0965694441593579,0.715187837583477,hot,30,7.23043586808858e-15,32;0;0;0
0.25,46.691361467797165,1.041929695109238,0.6691251258206725,hot,40,8.756938316839546e-15,32;0;0;0
0.3,46.68723040078972,1.1028183066172361,0.620595178510997,hot,53,1.7017637299332478e-15,32;0;0;0
0.35,46.68273248354472,1.071434433226637,0.7473125983057807,hot,63,9.740472317609772e-15,32;0;0;0
0.39999999999999997,46.68273277120241,1.072617654549685,0.613379442544964,hot,82,2.4390212072233908e-15,32;0;0;0
0.44999999999999996,46.89271786789569,0.9971123810785252,0.7690370568499111,hot,97,-5.585809592645319e-16,32;0;0;0
0.49999999999999994,46.45472181164388,1.047138698131657,0.7494693981067193,hot,113,-7.268491364342822e-15,32;0;0;0
0.5499999999999999,46.45472254160954,1.048865851488711,0.746123038477428,hot,114,-7.768091725424142e-15,32;0;0;0
0.6,47.181687808424954,1.110620048822578,0.6818329183436744,hot,123,1.0824674490095276e-15,32;0;0;0
0.65,47.15767532647402,1.0984384119348578,0.8008642885713666,hot,137,-6.411537967210279e-15,32;0;0;0
0.7000000000000001,47.14437780354825,1.1392616559265196,0.7215758881984752,hot,149,-6.2103100439969694e-15,32;0;0;0
0.7500000000000001,47.11682228779723,1.119438195874636,0.7105179488661137,hot,153,-6.925016116099414e-15,32;0;0;0
0.8000000000000002,47.104381717499834,1.048051451464574,0.801378322249759,hot,158,-8.479328350574633e-15,32;0;0;0
0.8500000000000002,46.44237447532849,0.8486688673007899,1.199218497789572,hot,166,-3.0531133177191805e-15,32;0;0;0
0.9000000000000002,46.44237728154016,0.8422212421196954,1.1679051893967367,hot,168,-5.051514762044462e-15,32;0;0;0
0.9500000000000003,45.2705566698535,0.683188737275528,1.3546393909657446,hot,177,-6.702971511174383e-15,32;0;0;0
1.0000000000000002,45.27056034550621,0.7470439143309936,1.2743600419628676,hot,183,-8.1601392309949e-15,32;0;0;0
1.0500000000000003,44.58073552855153,0.8114126697510216,1.0824539398964748,hot,194,-8.770761894538737e-15,32;0;0;0
1.1000000000000003,44.864777807989434,0.9436443255579517,0.9338380035968628,hot,205,-1.4516166046973922e-14,32;0;0;0
1.1500000000000004,44.86478300098561,0.9774373182253149,0.8683640803038469,hot,211,-1.6514567491299204e-14,32;0;0;0
1.2000000000000004,44.864788752183074,0.9542415323888339,0.9133059153620285,hot,215,-1.765254609153999e-14,32;0;0;0
1.2500000000000004,44.8388456984658,0.8593369508689724,1.0313470683843353,hot,222,-1.5626389071599078e-14,32;0;0;0
1.3000000000000005,44.79903023815535,0.8879792462620163,1.0352813559460117,hot,238,-1.765254609153999e-14,32;0;0;0
1.3500000000000005,44.79903780169264,0.8682885269838183,1.0734321245475202,hot,245,-1.7458257062230587e-14,32;0;0;0
1.4000000000000006,45.39450588668692,0.8740508298242204,1.1061633717069963,hot,250,-1.27675647831893e-14,32;0;0;0
1.4500000000000006,45.08666039688151,0.9901129504902354,0.8811058308601383,hot,257,-1.7735812818386876e-14,32;0;0;0
1.5000000000000007,46.41329360753951,1.0180493554419294,0.8829010551190979,hot,267,-1.787459069646502e-14,32;0;0;0
1.5500000000000007,45.400649434144086,1.043410224237036,0.7627802962712708,hot,282,-2.09277040141842e-14,32;0;0;0
1.6000000000000008,45.40066037611555,0.9217800017648471,0.9909248893014702,hot,291,-2.0317081350640365e-14,32;0;0;0
1.6500000000000008,45.199577918552976,1.09781607458678,0.6370510845501712,hot,300,-2.731148640577885e-14,32;0;0;0
1.7000000000000008,49.8703234684582,1.338399458921107,0.42511378733904615,hot,326,-2.531308496145357e-14,32;0;0;0
1.7500000000000009,49.8703365689503,1.310412602005072,0.5330665556110928,hot,337,-1.4432899320127035e-14,32;0;0;0
1.800000000000001,49.870350398694455,1.1901031275288394,0.7835531200234619,hot,346,-2.398081733190338e-14,32;0;0;0
1.850000000000001,50.24590724640943,1.2809965193009856,0.6174061155687331,hot,353,-2.5646151868841116e-14,32;0;0;0
1.900000000000001,50.24592253674249,1.254569817535517,0.6325394711232477,hot,366,-2.19824158875781e-14,32;0;0;0
1.950000000000001,50.340659502069336,1.2881921836078376,0.6098073487552138,hot,373,-3.3306690738754696e-14,32;0;0;0
2.000000000000001,50.34067624180079,1.2854075380883438,0.6049215081117661,hot,380,-3.019806626980426e-14,32;0;0;0
2.0500000000000007,50.26764762937463,1.2258927015430536,0.7463342280222074,hot,394,-2.853273173286652e-14,32;0;0;0
2.1000000000000005,50.246589816661285,1.2071240449630536,0.7762737026707913,hot,405,-3.219646771412954e-14,32;0;0;0
2.1500000000000004,50.246608673220905,1.2651363135835145,0.6638749322186484,hot,409,-3.863576125695545e-14,32;0;0;0
2.2,50.787848978352656,1.2612635440531734,0.7006931656604278,hot,424,-2.120525977034049e-14,32;0;0;0
2.25,50.598428367588646,1.1618656774314045,0.8002232437876702,hot,433,-2.3092638912203256e-14,32;0;0;0
2.3,48.212680936801476,1.059843218040832,0.913805629761667,hot,439,-2.9531932455029164e-14,32;0;0;0
2.3499999999999996,47.957065582317135,0.8269481458482734,1.2500745707671785,hot,448,-3.68594044175552e-14,32;0;0;0
2.3999999999999995,48.071950000843906,0.9140504324269927,1.1058832497263706,hot,453,-4.063416270128073e-14,32;0;0;0
2.4499999999999993,48.07197268828249,0.9215455087994623,1.0994412717370294,hot,455,-3.9745984281580604e-14,32;0;0;0
2.499999999999999,49.48210142650918,1.1578989766249308,0.778480319983239,hot,466,-4.729550084903167e-14,32;0;0;0
2.549999999999999,49.47641350350268,1.1878405890112929,0.6861335223439095,hot,473,-5.1514348342607263e-14,32;0;0;0
2.5999999999999988,49.466512594615295,1.1548384180805067,0.7458934885649862,hot,482,-4.8183679268731794e-14,32;0;0;0
2.6499999999999986,52.85139445214745,1.1902075546199635,0.9680636733982098,hot,494,-2.6645352591003757e-14,32;0;0;0
2.6999999999999984,54.571634048398025,1.174864863743338,1.1108432446454157,hot,506,-3.597122599785507e-14,32;0;0;0
2.7499999999999982,57.28387011266408,1.2309626027992169,1.1467213788504653,hot,514,-2.19824158875781e-14,32;0;0;0
2.799999999999998,57.283896159049554,1.1846627270249028,1.236427388163198,hot,516,-3.2862601528904634e-14,32;0;0;0
2.849999999999998,57.10892166217865,1.2202194387748497,1.1789260888777096,hot,525,-1.9761969838327786e-14,32;0;0;0
2.8999999999999977,57.68921856675895,1.2420054347528586,1.1606989682794975,hot,532,-2.731148640577885e-14,32;0;0;0
2.9499999999999975,57.68924556786371,1.143361882918168,1.3511901128581174,hot,539,-3.019806626980426e-14,32;0;0;0
2.9999999999999973,62.064024593669934,1.1920096220237326,1.4613669967398413,hot,556,-2.708944180085382e-14,32;0;0;0
3.049999999999997,62.06405204661919,1.2610650892890485,1.3275450053744275,hot,566,-3.064215547965432e-14,32;0;0;0
3.099999999999997,65.54406527420092,1.288147758991812,1.4584198184096895,hot,569,-3.064215547965432e-14,32;0;0;0
3.149999999999997,65.54409302322489,1.3083829475060487,1.4171618492164635,hot,575,-3.019806626980426e-14,32;0;0;0
3.1999999999999966,69.46981832978348,1.273741834440508,1.5129655237808397,hot,594,-3.1308289294429414e-14,32;0;0;0
3.2499999999999964,78.72246490615326,1.6760387820374765,1.4107964114478335,hot,614,-2.7533531010703882e-14,32;0;0;0
3.2999999999999963,78.54193872603888,1.5695371766507191,1.6990536398391656,hot,623,-4.3520742565306136e-14,32;0;0;0
3.349999999999996,78.13002907185279,1.5630850757431012,1.8002454268413244,hot,628,-4.085620730620576e-14,32;0;0;0
3.399999999999996,78.04181685038188,1.62577053528591,1.6640084784059257,hot,637,-3.68594044175552e-14,32;0;0;0
3.4499999999999957,79.39182908312877,1.3005918024141878,2.229333451660104,hot,646,-5.995204332975845e-14,32;0;0;0
3.4999999999999956,80.2442926628367,1.5233774669278255,2.0155861499236645,hot,656,-7.771561172376096e-14,32;0;0;0
3.5499999999999954,80.24431995236704,1.4401749438195128,2.1826694502194055,hot,665,-7.194245199571014e-14,32;0;0;0
3.599999999999995,80.24434699537319,1.3301339882312189,2.417670306604902,hot,674,-8.038014698286133e-14,32;0;0;0
3.649999999999995,80.24437374987117,1.4417722561840154,2.189816125770519,hot,690,-9.370282327836321e-14,32;0;0;0
3.699999999999995,79.9002746267995,1.676003132302587,1.7110465276908955,hot,702,-7.949196856316121e-14,32;0;0;0
3.7499999999999947,79.65805602549545,1.7003624511008952,1.59841627060136,hot,714,-8.171241461241152e-14,32;0;0;0
3.7999999999999945,79.52189779600414,1.7015706551174197,1.5341355274562731,hot,730,-9.14823772291129e-14,32;0;0;0
3.8499999999999943,78.62654353705364,1.8988296198426629,1.1036187730256635,hot,744,-9.059419880941277e-14,32;0;0;0
3.899999999999994,78.28441200576646,1.8611785093113287,1.0214558635030588,hot,754,-7.283063041541027e-14,32;0;0;0
3.949999999999994,76.44633318014878,1.8694057011329033,1.037874921159525,hot,767,-9.059419880941277e-14,32;0;0;0
3.999999999999994,74.36226922828396,1.5881805473792545,1.4843114107748432,hot,780,-8.260059303211165e-14,32;0;0;0
4.049999999999994,74.3622922103409,1.6281655867694769,1.4508048519795476,hot,792,-7.460698725481052e-14,32;0;0;0
4.099999999999993,72.96178307508471,1.305295347718797,1.9682366856224789,hot,801,-8.08242361927114e-14,32;0;0;0
4.149999999999993,77.639373718541,1.38074662423215,2.127942846941501,hot,816,-8.526512829121202e-14,32;0;0;0
4.199999999999993,78.39938030433566,1.2811376193623345,2.3655932724675717,hot,828,-7.549516567451064e-14,32;0;0;0
4.249999999999993,75.27133418204232,1.1335374160319371,2.489873201999851,hot,837,-9.325873406851315e-14,32;0;0;0
4.299999999999993,75.18969085235055,1.330725640193704,2.0717820691435813,hot,846,-1.092459456231154e-13,32;0;0;0
4.3499999999999925,75.18970944487727,1.1847146994348345,2.2392524947333463,hot,853,-9.947598300641403e-14,32;0;0;0
4.399999999999992,74.79324100392168,1.0032420032244718,2.3583008593027155,hot,858,-1.0746958878371515e-13,32;0;0;0
4.449999999999992,73.29135387514444,1.3454876027306097,1.8848406025284086,hot,874,-1.3677947663381929e-13,32;0;0;0
4.499999999999992,73.29136984998706,1.1668137506146476,2.2043686882013036,hot,881,-1.3855583347321954e-13,32;0;0;0
4.549999999999992,73.29138489835029,1.2281106289196422,2.095988458552157,hot,887,-1.234568003383174e-13,32;0;0;0
4.599999999999992,73.07069049268755,1.183440430637994,2.1338843043419944,hot,895,-1.341149413747189e-13,32;0;0;0
4.6499999999999915,69.08920078066012,1.2494204333103052,1.8795995858552483,hot,906,-1.305622276959184e-13,32;0;0;0
4.699999999999991,69.08921290855677,1.4858162509325832,1.4102864909006478,hot,914,-1.3855583347321954e-13,32;0;0;0
4.749999999999991,69.82005541512103,1.5622872604050277,1.257778836800768,hot,925,-1.3500311979441904e-13,32;0;0;0
4.799999999999991,69.8200654943056,1.7667017887174448,0.8617256881954607,hot,928,-1.412203687323199e-13,32;0;0;0
4.849999999999991,69.82007452354888,1.608559523881601,1.0356838765137968,hot,935,-1.376676550535194e-13,32;0;0;0
4.899999999999991,69.82008248806405,1.504190838840374,1.1204451445569676,hot,943,-1.163513729807164e-13,32;0;0;0
4.94999999999999,69.29892164108313,1.6754069914358818,0.8424399062783436,hot,955,-1.305622276959184e-13,32;0;0;0
4.99999999999999,66.52805848120751,1.6891648768746297,0.7960027256242153,hot,975,-1.2256862191861728e-13,32;0;0;0
5.04999999999999,66.52806318030524,1.7051935432873058,0.7282325440550018,hot,992,-1.305622276959184e-13,32;0;0;0
5.09999999999999,66.5280667731221,1.6232409527749645,0.9134045367235556,hot,1008,-1.2523315717771766e-13,32;0;0;0
5.14999999999999,66.52806925376363,1.6063715344561849,0.9752003255635576,hot,1012,-1.3677947663381929e-13,32;0;0;0
5.1999999999999895,66.52807061815938,1.5987190250064618,1.0122952727214447,hot,1017,-1.341149413747189e-13,32;0;0;0
5.249999999999989,73.1501436339958,1.8213666177926753,1.0274602581429373,hot,1030,-1.3677947663381929e-13,32;0;0;0
5.299999999999989,72.70021707191661,1.704884122423475,1.1811055223356426,hot,1040,-1.2434497875801753e-13,32;0;0;0
5.349999999999989,72.64216121354632,1.687267553050942,1.2309656981207175,hot,1050,-1.1901590823981678e-13,32;0;0;0
5.399999999999989,74.32136082274754,1.5886696069347301,1.475419195413326,hot,1070,-1.2256862191861728e-13,32;0;0;0
5.449999999999989,73.26224439453568,1.5247394148751336,1.5501773434096582,hot,1086,-1.2434497875801753e-13,32;0;0;0
5.4999999999999885,72.93058002431177,1.6360202992837256,1.3352117241886066,hot,1095,-1.2967404927621828e-13,32;0;0;0
5.549999999999988,70.70890221415694,1.6922381215625213,1.0727134628179058,hot,1103,-1.2612133559741778e-13,32;0;0;0
5.599999999999988,68.88099392875056,1.653739985149833,1.0241401818659026,hot,1115,-1.2256862191861728e-13,32;0;0;0
5.649999999999988,68.88098536574697,1.748752590077129,0.8493480293275695,hot,1119,-1.2612133559741778e-13,32;0;0;0
5.699999999999988,68.88097574609083,1.7611965102533615,0.856658704876275,hot,1129,-1.1546319456101628e-13,32;0;0;0
5.749999999999988,68.88096508553097,1.6509269265864477,1.0761478874685848,hot,1144,-1.2434497875801753e-13,32;0;0;0
5.799999999999987,68.25630170122031,1.415529160886817,1.4799791988236723,hot,1158,-1.2434497875801753e-13,32;0;0;0
5.849999999999987,66.48112673541426,1.2781388441124784,1.6377833027097222,hot,1168,-1.1901590823981678e-13,32;0;0;0
5.899999999999987,66.24997028838943,1.2074354765757966,1.7813953614466949,hot,1175,-1.0658141036401503e-13,32;0;0;0
5.949999999999987,67.50017081292683,1.2837760938099767,1.6786495406405977,hot,1185,-1.0302869668521453e-13,32;0;0;0
5.999999999999987,67.28510652084238,1.2926025406666217,1.6337415591114013,hot,1191,-1.0480505352461478e-13,32;0;0;0
6.0499999999999865,68.35848523160222,1.325427292102596,1.6159665864297856,hot,1200,-1.1368683772161603e-13,32;0;0;0
6.099999999999986,71.22396742486306,1.2037573578509801,1.913492331034344,hot,1211,-1.0658141036401503e-13,32;0;0;0
6.149999999999986,71.22394919973145,1.4278480690648283,1.5027002805755725,hot,1220,-1.0480505352461478e-13,32;0;0;0
6.199999999999986,71.22393014714716,1.481258433758104,1.3992176989823506,hot,1230,-1.0480505352461478e-13,32;0;0;0
6.249999999999986,71.00952745632392,1.5307533757765528,1.3744590977594555,hot,1238,-9.947598300641403e-14,32;0;0;0
6.299999999999986,71.8689892904768,1.6078458968454512,1.0700097768130494,hot,1251,-8.881784197001252e-14,32;0;0;0
6.349999999999985,71.65736529515675,1.6055238920541768,1.1146991463987095,hot,1259,-8.881784197001252e-14,32;0;0;0
6.399999999999985,71.65734325359334,1.7135540501648978,0.9810914971930589,hot,1267,-9.059419880941277e-14,32;0;0;0
6.449999999999985,74.72981724539918,1.7416609800824767,1.0289506280882592,hot,1283,-9.414691248821327e-14,32;0;0;0
6.499999999999985,74.65860208880312,1.6468324658302176,1.2383917642183202,hot,1291,-7.283063041541027e-14,32;0;0;0
6.549999999999985,74.51988982898713,1.6445822229696117,1.3004466988267844,hot,1306,-9.059419880941277e-14,32;0;0;0
6.5999999999999845,74.22212522476936,1.439203919736086,1.7683125588922197,hot,1311,-8.526512829121202e-14,32;0;0;0
6.649999999999984,74.22210024975735,1.316347072885298,1.9711497221930543,hot,1319,-8.881784197001252e-14,32;0;0;0
6.699999999999984,73.69320367322376,1.4753316520691422,1.7113637066658385,hot,1328,-7.993605777301127e-14,32;0;0;0
6.749999999999984,73.40395931388028,1.5383378551166973,1.576782502642157,hot,1343,-9.059419880941277e-14,32;0;0;0
6.799999999999984,73.16883986000137,1.4547066944739555,1.6664229155520778,hot,1351,-8.881784197001252e-14,32;0;0;0
6.849999999999984,72.13957501840224,1.3746729501735775,1.7458667851596803,hot,1361,-1.2079226507921703e-13,32;0;0;0
6.8999999999999835,72.13954809703988,1.2443406196401845,1.9729751062574334,hot,1364,-1.1191048088221578e-13,32;0;0;0
6.949999999999983,72.13952091067587,1.292403711206744,1.8943586428472126,hot,1371,-1.0125233984581428e-13,32;0;0;0
6.999999999999983,72.13949350139588,1.4333678706455777,1.6116651738620824,hot,1380,-1.0302869668521453e-13,32;0;0;0
7.049999999999983,71.60714996363838,1.499979450367096,1.4336512100355483,hot,1393,-8.526512829121202e-14,32;0;0;0
7.099999999999983,71.60712223515468,1.623423617759118,1.1944781357135057,hot,1403,-9.237055564881302e-14,32;0;0;0
7.149999999999983,71.43556393685891,1.4946543226250284,1.3965726889269408,hot,1416,-9.769962616701378e-14,32;0;0;0
7.199999999999982,74.28659927946785,1.5716352845661505,1.503334851461037,hot,1429,-1.1723955140041653e-13,32;0;0;0
7.249999999999982,64.13226667293681,1.3964250780264174,1.2666686749717435,hot,1446,-1.3500311979441904e-13,32;0;0;0
7.299999999999982,64.6446498169807,1.448006113565055,1.2145305444652645,hot,1453,-1.3322676295501878e-13,32;0;0;0
7.349999999999982,61.49769085759961,1.5751224796522059,0.7483858290170792,hot,1464,-1.2789769243681803e-13,32;0;0;0
7.399999999999982,55.611554657579575,1.3385028991305694,0.7789495004948204,hot,1473,-1.3500311979441904e-13,32;0;0;0
7.4499999999999815,55.6115271260036,1.2668764314550238,0.9123801249681638,hot,1485,-1.3855583347321954e-13,32;0;0;0
7.499999999999981,55.52843773241472,1.2381586737534962,0.9553463300751646,hot,1492,-1.4566126083082054e-13,32;0;0;0
7.549999999999981,55.38221707498735,1.309480368123294,0.7563965794079655,hot,1503,-1.3145040611561853e-13,32;0;0;0
7.599999999999981,55.38219022756769,1.3054702078378857,0.7641662649609444,hot,1507,-1.4566126083082054e-13,32;0;0;0
7.649999999999981,55.38216368290584,1.1399899172001555,1.1178911840734682,hot,1523,-1.4033219031261979e-13,32;0;0;0
7.699999999999981,55.2734578372574,1.1696846051627663,1.0256075303688919,hot,1530,-1.4033219031261979e-13,32;0;0;0
7.7499999999999805,57.62611918273851,1.3961239717609495,0.8215835145446897,hot,1540,-1.3145040611561853e-13,32;0;0;0
7.79999999999998,56.386217257341244,1.2368346891439588,1.0750763813377262,hot,1552,-1.3500311979441904e-13,32;0;0;0
7.84999999999998,56.763030601627314,1.1039826610824137,1.3403913240574568,hot,1560,-1.4566126083082054e-13,32;0;0;0
7.89999999999998,56.677683880684306,1.2074457449573897,1.1493724111945647,hot,1568,-1.4210854715202004e-13,32;0;0;0
7.94999999999998,56.866394782714735,1.2401415884712041,1.1293887738627744,hot,1577,-1.3855583347321954e-13,32;0;0;0
7.99999999999998,59.04116893184798,1.381999100927649,0.9691930289250779,hot,1597,-1.545430450278218e-13,32;0;0;0
8.04999999999998,58.805649163768315,1.4632794337088997,0.785161485157037,hot,1609,-1.6697754290362354e-13,32;0;0;0
8.09999999999998,59.704036777537176,1.391753173487058,0.9957737296435868,hot,1614,-1.5276668818842154e-13,32;0;0;0
8.14999999999998,59.47582587224686,1.4902703318613642,0.7891027916068519,hot,1621,-1.545430450278218e-13,32;0;0;0
8.199999999999982,59.47580473592315,1.503150862262482,0.7832207065647536,hot,1631,-1.474376176702208e-13,32;0;0;0
8.249999999999982,60.464598215698956,1.3807715541764036,1.0665805627668123,hot,1643,-1.4566126083082054e-13,32;0;0;0
8.299999999999983,59.61295192123218,1.320071291957406,1.1300912980256967,hot,1653,-1.4566126083082054e-13,32;0;0;0
8.349999999999984,59.54402136477316,1.3112714436718933,1.14711928635059,hot,1659,-1.4566126083082054e-13,32;0;0;0
8.399999999999984,59.54400289641461,1.3957157363330535,0.9835084693195922,hot,1663,-1.4921397450962104e-13,32;0;0;0
8.449999999999985,59.70466327046479,1.24224545106016,1.2305772682512506,hot,1673,-1.4210854715202004e-13,32;0;0;0
8.499999999999986,59.68822642580745,1.2760167134227995,1.2314646839637406,hot,1680,-1.3500311979441904e-13,32;0;0;0
8.549999999999986,59.675391676740524,1.1971804854740218,1.3860695715793923,hot,1687,-1.4033219031261979e-13,32;0;0;0
8.599999999999987,64.14212214824421,1.2969683582283813,1.4570930262281638,hot,1693,-1.4210854715202004e-13,32;0;0;0
8.649999999999988,70.45967437907578,1.2984664611399066,1.7924815057470571,hot,1707,-1.3500311979441904e-13,32;0;0;0
8.699999999999989,70.3917405340929,1.3059284464062202,1.7822883064085875,hot,1714,-1.438849039914203e-13,32;0;0;0
8.74999999999999,70.39172711339312,1.4389726997843013,1.5588022860641084,hot,1718,-1.4210854715202004e-13,32;0;0;0
8.79999999999999,70.3917144202478,1.4695327529296194,1.499592183095055,hot,1723,-1.4566126083082054e-13,32;0;0;0
8.84999999999999,70.39170245000034,1.3868203071915748,1.6597633615322431,hot,1730,-1.4566126083082054e-13,32;0;0;0
8.899999999999991,70.32938446407707,1.3514834288201414,1.6825561793427686,hot,1737,-1.3322676295501878e-13,32;0;0;0
8.949999999999992,70.32937391738993,1.4385597610178396,1.5239565012465999,hot,1745,-1.2256862191861728e-13,32;0;0;0
8.999999999999993,70.3293640672983,1.3825543837840348,1.5676584686876947,hot,1752,-1.3145040611561853e-13,32;0;0;0
9.049999999999994,70.21699050132203,1.2384245595104126,1.9445012512085897,hot,1765,-1.3322676295501878e-13,32;0;0;0
9.099999999999994,72.7269412779497,1.487461670855483,1.5451723755883329,hot,1774,-1.3322676295501878e-13,32;0;0;0
9.149999999999995,72.67692126444501,1.5120565796218681,1.4942122037109669,hot,1781,-1.3322676295501878e-13,32;0;0;0
9.199999999999996,72.67691405397038,1.5636838865357694,1.4377092127763298,hot,1790,-1.3677947663381929e-13,32;0;0;0
9.249999999999996,72.58859091759571,1.5034261761308305,1.4296059254277282,hot,1797,-1.474376176702208e-13,32;0;0;0
9.299999999999997,72.58858491339068,1.688754270659937,1.092737971708685,hot,1810,-1.4033219031261979e-13,32;0;0;0
9.349999999999998,73.61171445705789,1.4317049021126367,1.5889730818944008,hot,1822,-1.545430450278218e-13,32;0;0;0
9.399999999999999,73.61170956591386,1.3857767369612217,1.681650023672049,hot,1833,-1.5276668818842154e-13,32;0;0;0
9.45,73.63688379026627,1.3984544813320434,1.6573802080636248,hot,1842,-1.4921397450962104e-13,32;0;0;0
9.5,73.63687990786293,1.4314291601247637,1.567533905693486,hot,1846,-1.474376176702208e-13,32;0;0;0
9.55,79.29588707769327,1.8304591561584456,1.1460998172643306,hot,1858,-1.723066134218243e-13,32;0;0;0
9.600000000000001,79.29588409063508,1.9422371454774467,1.0028855987851233,hot,1868,-1.5987211554602254e-13,32;0;0;0
9.650000000000002,79.29588150653834,1.809304065937922,1.260443440392952,hot,1873,-1.652011860642233e-13,32;0;0;0
9.700000000000003,74.33344542710348,1.5230315729429562,1.632687295720305,hot,1880,-1.8474111129762605e-13,32;0;0;0
9.750000000000004,76.00892489234174,1.5720408212877879,1.6128986689016833,hot,1894,-1.652011860642233e-13,32;0;0;0
9.800000000000004,71.83104916812941,1.5012350806727368,1.547855795179244,hot,1901,-1.4566126083082054e-13,32;0;0;0
9.850000000000005,71.83104788659469,1.4360205117691625,1.6824471418247395,hot,1909,-1.509903313490213e-13,32;0;0;0
9.900000000000006,71.83104685299435,1.480969133237775,1.509411472739842,hot,1918,-1.3855583347321954e-13,32;0;0;0
9.950000000000006,71.8207842413892,1.4830077524016843,1.5065991760590975,hot,1926,-1.4033219031261979e-13,32;0;0;0
10.0,71.85081560137255,1.4765691630094149,1.597530357617897,hot,1933,-1.4566126083082054e-13,32;0;0;0
